record_id,model_name,model_family,first_release_year,publication_year,publication_status,bibliographic_title,authors,venue,doi,arxiv_id,url,zotero_key,candidate_id,observation_pathways,modality_group,multimodal,temporal_support,explicit_temporal,resolution_min_m,resolution_max_m,resolution_mid_m,parameters_m,ecohydrological_evidence,coding_basis,notes,release_date,release_year_v2,release_month_v2,release_date_basis,release_date_precision,metric_source,title
M001,SeCo,SeCo,2021,2021,Peer-reviewed,Seasonal Contrast: Unsupervised Pre-Training From Uncurated Remote Sensing Data,Oscar Mañas; Alexandre Lacoste; Xavier Giró-i-Nieto; David Vazquez; Pau Rodríguez,,,2103.16607,https://openaccess.thecvf.com/content/ICCV2021/html/Manas_Seasonal_Contrast_Unsupervised_Pre-Training_From_Uncurated_Remote_Sensing_Data_ICCV_2021_paper.html,X6JAXEKY,zotero:X6JAXEKY,O,Optical only,no,Paired/short sequence,yes,10.0,60.0,24.49489742783178,23.5,Indirect/prospective,Primary paper/model documentation; survey cross-check,,2021-03-30,2021,3,arXiv v1 (2103.16607),day,Retained v2 primary-paper coding; no v5 metric change.,
M004,SatMAE,SatMAE,2022,2022,Peer-reviewed,SatMAE: Pre-training Transformers for Temporal and Multi-Spectral Satellite Imagery,Yezhen Cong; Samar Khanna; Chenlin Meng; Patrick Liu; Erik Rozi; Yutong He; Marshall Burke; David Lobell; Stefano Ermon,,,2207.08051,https://proceedings.neurips.cc/paper_files/paper/2022/hash/01c561df365429f33fcd7a7faa44c985-Abstract-Conference.html,ADJALD95,zotero:ADJALD95,O,Optical only,no,Paired/short sequence,yes,10.0,60.0,24.49489742783178,307.0,Indirect/prospective,Primary paper/model documentation; survey cross-check,,2022-07-17,2022,7,arXiv v1 (2207.08051),day,Retained v2 primary-paper coding; no v5 metric change.,
M003,RingMo,RingMo,2022,2022,Peer-reviewed,RingMo: A Remote Sensing Foundation Model With Masked Image Modeling,Xian Sun; Peijin Wang; Wanxuan Lu; Zicong Zhu; Xiaonan Lu; Qibin He; Junxi Li; Xuee Rong; Zhujun Yang; Hao Chang; Qinglin He; Guang Yang; Ruiping Wang; Jiwen Lu; Kun Fu,IEEE Transactions on Geoscience and Remote Sensing,10.1109/TGRS.2022.3194732,,https://ieeexplore.ieee.org/document/9844015,29UYXUY8,zotero:29UYXUY8,"O,M",Optical + microwave/SAR,yes,Single/snapshot,no,0.3,30.0,3.0,87.8,Indirect/prospective,Primary paper/model documentation; survey cross-check,,2022-07-28,2022,7,Earliest indexed candidate record,day,Retained v2 primary-paper coding; no v5 metric change.,
M002,RSP,RSP,2022,2022,Peer-reviewed,Advancing Plain Vision Transformer Toward Remote Sensing Foundation Model,Di Wang; Qiming Zhang; Yufei Xu; Jing Zhang; Bo Du; Dacheng Tao; Liangpei Zhang,IEEE Transactions on Geoscience and Remote Sensing,10.1109/TGRS.2022.3222818,,https://ieeexplore.ieee.org/document/9956816,SZBXUAKX,zotero:SZBXUAKX,O,Optical only,no,Single/snapshot,no,0.5,153.0,8.74642784226795,100.0,Indirect/prospective,Primary paper/model documentation; survey cross-check,,2022-11-21,2022,11,Earliest indexed candidate record,day,Retained v2 primary-paper coding; no v5 metric change.,
M013,SatlasPretrain,SatlasPretrain,2023,2023,Peer-reviewed,SatlasPretrain: A Large-Scale Dataset for Remote Sensing Image Understanding,Favyen Bastani; Piper Wolters; Ritwik Gupta; Joe Ferdinando; Aniruddha Kembhavi,,,2211.1566,https://openaccess.thecvf.com/content/ICCV2023/html/Bastani_SatlasPretrain_A_Large-Scale_Dataset_for_Remote_Sensing_Image_Understanding_ICCV_2023_paper.html,8Y4PMBFW,zotero:8Y4PMBFW,"O,M",Optical + microwave/SAR,yes,Single/snapshot,no,1.0,10.0,3.1622776601683795,88.0,Indirect/prospective,Primary paper/model documentation; survey cross-check,,2022-11-28,2022,11,arXiv v1 (2211.15660),day,Retained v2 primary-paper coding; no v5 metric change.,
M014,Scale-MAE,Scale-MAE,2023,2023,Peer-reviewed,Scale-MAE: A Scale-Aware Masked Autoencoder for Multiscale Geospatial Representation Learning,Colorado J Reed; Ritwik Gupta; Shufan Li; Sarah Brockman; Christopher Funk; Brian Clipp; Kurt Keutzer; Salvatore Candido; Matt Uyttendaele; Trevor Darrell,,10.1109/ICCV51070.2023.00378,2212.14532,https://ieeexplore.ieee.org/document/10377166,IEG74ET4,zotero:IEG74ET4,O,Optical only,no,Single/snapshot,no,,,,322.9,Indirect/prospective,Primary paper/model documentation; survey cross-check,,2022-12-30,2022,12,arXiv v1 (2212.14532),day,Retained v2 primary-paper coding; no v5 metric change.,
M009,GFM,GFM,2023,2023,Peer-reviewed,Towards Geospatial Foundation Models via Continual Pretraining,Matías Mendieta; Boran Han; Xingjian Shi; Yi Zhu; Chen Chen,,10.1109/ICCV51070.2023.01541,2302.04476,https://ieeexplore.ieee.org/document/10376630,4QP7FB7I,zotero:4QP7FB7I,O,Optical only,no,Single/snapshot,no,0.1,30.0,1.7320508075688772,88.0,Indirect/prospective,Primary paper/model documentation; survey cross-check,,2023-02-09,2023,2,arXiv v1 (2302.04476),day,Primary PDF GeoPile table; GFM comparison table in OpticalRS-13M paper for Swin-B parameter count.,
M005,BFM,BFM,2023,2024,Peer-reviewed,A Billion-Scale Foundation Model for Remote Sensing Images,Keumgang Cha; Junghoon Seo; Taekyung Lee,IEEE Journal of Selected Topics in Applied Earth Observations and Remote Sensing,10.1109/JSTARS.2024.3401772,2304.05215,https://ieeexplore.ieee.org/document/10531642,2YMDF4I4,zotero:2YMDF4I4,O,Optical only,no,Single/snapshot,no,0.5,153.0,8.74642784226795,2420.0,Indirect/prospective,Primary paper/model documentation; survey cross-check,,2023-04-11,2023,4,Earliest indexed candidate record,day,Retained v2 primary-paper coding; no v5 metric change.,
M011,Presto,Presto,2023,2024,Preprint/technical report,"Lightweight, Pre-trained Transformers for Remote Sensing Timeseries",Gabriel Tseng; Ruben Cartuyvels; Ivan Zvonkov; Mirali Purohit; David Rolnick; Hannah Kerner,arXiv (Cornell University),10.48550/arXiv.2304.14065,2304.14065,http://arxiv.org/abs/2304.14065,ZDGVLD9I,zotero:ZDGVLD9I,"O,M,A",Broader multisensor/ancillary,yes,Explicit time series,yes,10.0,10.0,10.0,0.402,Indirect/prospective,Primary paper/model documentation; survey cross-check,,2023-04-27,2023,4,Earliest indexed candidate record,day,Retained v2 primary-paper coding; no v5 metric change.,
M017,SSL4EO-L,SSL4EO,2023,2023,Preprint/technical report,SSL4EO-L: Datasets and Foundation Models for Landsat Imagery,Adam J. Stewart; Nils Lehmann; Isaac A. Corley; Yi Wang; Yi-Chia Chang; Nassim Ait Ali Braham; Shradha Sehgal; Caleb Robinson; Arindam Banerjee,arXiv (Cornell University),10.48550/arXiv.2306.09424,2306.09424,http://arxiv.org/abs/2306.09424,TMJRRFZF,zotero:TMJRRFZF,O,Optical only,no,Paired/short sequence,yes,30.0,30.0,30.0,86.0,Indirect/prospective,Primary paper/model documentation; survey cross-check,,2023-06-15,2023,6,Earliest indexed candidate record,day,Retained v2 primary-paper coding; no v5 metric change.,
M007,EarthPT,EarthPT,2023,2023,Preprint/technical report,EarthPT: a time series foundation model for Earth Observation,Michael J. Smith; Luke Fleming; James E. Geach,arXiv (Cornell University),10.48550/arXiv.2309.07207,2309.07207,http://arxiv.org/abs/2309.07207,C6EX8728,zotero:C6EX8728,O,Optical only,no,Explicit time series,yes,10.0,10.0,10.0,700.0,Indirect/prospective,Primary paper/model documentation; survey cross-check,,2023-09-13,2023,9,Earliest indexed candidate record,day,Retained v2 primary-paper coding; no v5 metric change.,
M012,Prithvi-EO-1.0,Prithvi-EO,2023,2023,Model card/product,Foundation Models for Generalist Geospatial Artificial Intelligence,Johannes Jakubik; Sujit Roy; C. E. Phillips; Paolo Fraccaro; Denys Godwin; Bianca Zadrozny; Daniela Szwarcman; Carlos Gomes; Gabby Nyirjesy; Blair Edwards; Daiki Kimura; Naomi Simumba; Linsong Chu; S. Karthik Mukkavilli; Devyani Lambhate; Kamal Das; Ranjini Bangalore; Dario Oliveira; Michal Muszynski; Kumar Ankur; Muthukumaran Ramasubramanian; Iksha Gurung; Sam Khallaghi; Hanxi; Li; Michael Cecil; Maryam Ahmadi; Fatemeh Kordi; Hamed Alemohammad; Manil Maskey; Raghu Ganti; Kommy Weldemariam; Rahul Ramachandran,arXiv (Cornell University),10.48550/arXiv.2310.18660,2310.18660,http://arxiv.org/abs/2310.18660,3DG82SVH,zotero:3DG82SVH,O,Optical only,no,Paired/short sequence,yes,30.0,30.0,30.0,100.0,Indirect/prospective,Primary paper/model documentation; survey cross-check,,2023-10-28,2023,10,Earliest indexed candidate record,day,Retained v2 primary-paper coding; no v5 metric change.,
M006,CROMA,CROMA,2023,2023,Peer-reviewed,CROMA: Remote Sensing Representations with Contrastive Radar-Optical Masked Autoencoders,Anthony Fuller; Koreen Millard; James Green,arXiv (Cornell University),10.48550/arxiv.2311.00566,2311.00566,https://proceedings.neurips.cc/paper_files/paper/2023/hash/11822e84689e631615199db3b75cd0e4-Abstract-Conference.html,UHV788LH,zotero:UHV788LH,"O,M",Optical + microwave/SAR,yes,Paired/short sequence,yes,10.0,10.0,10.0,86.0,Indirect/prospective,Primary paper/model documentation; survey cross-check,,2023-11-01,2023,11,Earliest indexed candidate record,day,Retained v2 primary-paper coding; no v5 metric change.,
M016,SpectralGPT,SpectralGPT,2023,2024,Peer-reviewed,SpectralGPT: Spectral Remote Sensing Foundation Model,Danfeng Hong; Bing Zhang; Xuyang Li; Yuxuan Li; Chenyu Li; Jing Yao; Naoto Yokoya; Hao Li; Pedram Ghamisi; Xiuping Jia; Antonio Plaza; Paolo Gamba; Jon Atli Benediktsson; Jocelyn Chanussot,IEEE Transactions on Pattern Analysis and Machine Intelligence,10.1109/TPAMI.2024.3362475,2311.07113,https://ieeexplore.ieee.org/document/10490262,S35XQMKJ,zotero:S35XQMKJ,O,Optical only,no,Single/snapshot,no,10.0,60.0,24.49489742783178,600.0,Indirect/prospective,Primary paper/model documentation; survey cross-check,,2023-11-13,2023,11,Earliest indexed candidate record,day,Primary PDF reports Sentinel-2 10-60 m inputs and 100M/300M/600M variants.,
M008,FoMo,FoMo,2023,2025,Peer-reviewed,"FoMo: Multi-Modal, Multi-Scale and Multi-Task Remote Sensing Foundation Models for Forest Monitoring",Nikolaos Ioannis Bountos; Arthur Ouaknine; Ioannis Papoutsis; David Rolnick,Proceedings of the AAAI Conference on Artificial Intelligence,10.1609/aaai.v39i27.35002,2312.10114,https://ojs.aaai.org/index.php/AAAI/article/view/35002,GQ9N4NXM,zotero:GQ9N4NXM,"O,M,A",Broader multisensor/ancillary,yes,Paired/short sequence,yes,10.0,20.0,14.142135623730951,110.0,Indirect/prospective,Primary paper/model documentation; survey cross-check,,2023-12-15,2023,12,Earliest indexed candidate record,day,Retained v2 primary-paper coding; no v5 metric change.,
M015,SkySense,SkySense,2023,2024,Peer-reviewed,SkySense: A Multi-Modal Remote Sensing Foundation Model Towards Universal Interpretation for Earth Observation Imagery,Xin Guo; Jiangwei Lao; Bo Dang; Yingying Zhang; Lei Yu; Lixiang Ru; Liheng Zhong; Ziyuan Huang; Kang Wu; Dingxiang Hu; Huimei He; Jian Wang; Jingdong Chen; Ming Yang; Yongjun Zhang; Yansheng Li,Computer Vision and Pattern Recognition,10.1109/CVPR52733.2024.02613,2312.10115,https://ieeexplore.ieee.org/document/10655854,XZEZ2DQ2,zotero:XZEZ2DQ2,"O,M",Optical + microwave/SAR,yes,Explicit time series,yes,0.3,10.0,1.7320508075688772,2060.0,Indirect/prospective,Primary paper/model documentation; survey cross-check,,2023-12-15,2023,12,Earliest indexed candidate record,day,Primary PDF identifies WorldView-3/4 plus Sentinel-1/2; native/analysis-ready sensor resolutions establish the range.,
M027,SatMAE++,SatMAE,2024,2024,Peer-reviewed,Rethinking Transformers Pre-training for Multi-Spectral Satellite Imagery,Mubashir Noman; Muzammal Naseer; Hisham Cholakkal; Rao Muhammad Anwar; Salman Khan; Fahad Shahbaz Khan,,10.1109/CVPR52733.2024.02627,2403.05419,https://ieeexplore.ieee.org/abstract/document/10657832,38ZWGRBD,zotero:38ZWGRBD,O,Optical only,no,Paired/short sequence,yes,10.0,60.0,24.49489742783178,307.0,Indirect/prospective,Primary paper/model documentation; survey cross-check,,2024-03-08,2024,3,arXiv v1 (2403.05419),day,Primary PDF reports Sentinel-2 bands at 10-60 m and a ViT-L backbone.,
M025,MTP,MTP,2024,2024,Peer-reviewed,MTP: Advancing Remote Sensing Foundation Model via Multitask Pretraining,Di Wang; Jing Zhang; Minqiang Xu; Lin Liu; Dongsheng Wang; Erzhong Gao; Chengxi Han; Haonan Guo; Bo Du; Dacheng Tao; Liangpei Zhang,IEEE Journal of Selected Topics in Applied Earth Observations and Remote Sensing,10.1109/JSTARS.2024.3408154,2403.1343,https://ieeexplore.ieee.org/abstract/document/10547536,VT3H7HCH,zotero:VT3H7HCH,O,Optical only,no,Single/snapshot,no,0.3,30.0,3.0,300.0,Indirect/prospective,Primary paper/model documentation; survey cross-check,,2024-03-20,2024,3,Earliest indexed candidate record,day,Primary PDF reports SAMRS sources including FAIR1M (0.3-0.8 m) and DIOR (0.5-30 m); it positions MTP above 300M.,
M021,DOFA,DOFA,2024,2025,Preprint/technical report,Neural Plasticity-Inspired Multimodal Foundation Model for Earth Observation,Zhitong Xiong; Yi Wang; Fahong Zhang; Adam J. Stewart; Joëlle Hanna; Damian Borth; Ioannis Papoutsis; Bertrand Le Saux; Gustau Camps-Valls; Xiao Xiang Zhu,arXiv (Cornell University),10.48550/arXiv.2403.15356,2403.15356,http://arxiv.org/abs/2403.15356,GZ8MRK8U,zotero:GZ8MRK8U,"O,M",Optical + microwave/SAR,yes,Single/snapshot,no,1.0,30.0,5.477225575051661,337.0,Indirect/prospective,Primary paper/model documentation; survey cross-check,,2024-03-22,2024,3,Earliest indexed candidate record,day,Retained v2 primary-paper coding; no v5 metric change.,
M024,msGFM,msGFM,2024,2024,Peer-reviewed,Bridging Remote Sensors with Multisensor Geospatial Foundation Models,Boran Han; Shuai Zhang; Xingjian Shi; Markus Reichstein,arXiv (Cornell University),10.1109/CVPR52733.2024.02631,,https://ieeexplore.ieee.org/document/10658014,V3BUUSLT,zotero:V3BUUSLT,"O,M",Optical + microwave/SAR,yes,Single/snapshot,no,0.1,153.0,3.9115214431215892,89.0,Indirect/prospective,Primary paper/model documentation; survey cross-check,,2024-04-01,2024,4,Earliest indexed candidate record,day,Retained v2 primary-paper coding; no v5 metric change.,
M010,OmniSat,OmniSat,2023,2024,Peer-reviewed,OmniSat: Self-supervised Modality Fusion for Earth Observation,Guillaume Astruc; Nicolas Gonthier; Clement Mallet; Loic Landrieu; Aleš Leonardis; Elisa Ricci; Stefan Roth; Olga Russakovsky; Torsten Sattler; Gül Varol,,10.1007/978-3-031-73390-1_24,2404.08351,https://arxiv.org/abs/2404.08351,FT5MHQCH,zotero:FT5MHQCH,"O,M,A",Broader multisensor/ancillary,yes,Explicit time series,yes,10.0,10.0,10.0,,Indirect/prospective,Primary paper/model documentation; survey cross-check,,2024-04-12,2024,4,arXiv v1 (2404.08351); corrected unrelated ID,day,Retained v2 primary-paper coding; no v5 metric change.,
M028,SatSwinMAE,SatSwinMAE,2024,2024,Preprint/technical report,SatSwinMAE: Efficient Autoencoding for Multiscale Time-series Satellite Imagery,Yohei Nakayama; Jiawei Su; Luis M. Pazos-Outón,arXiv (Cornell University),10.48550/arXiv.2405.02512,2405.02512,http://arxiv.org/abs/2405.02512,ZVTA57NH,zotero:ZVTA57NH,O,Optical only,no,Explicit time series,yes,10.0,60.0,24.49489742783178,,Indirect/prospective,Primary paper/model documentation; survey cross-check,,2024-05-03,2024,5,Earliest indexed candidate record,day,Retained v2 primary-paper coding; no v5 metric change.,
M023,MMEarth,MMEarth,2024,2024,Peer-reviewed,MMEarth: Exploring Multi-modal Pretext Tasks for Geospatial Representation Learning,Vishal Nedungadi; Ankit Kariryaa; Stefan Oehmcke; Serge Belongie; Christian Igel; Nico Lang; Aleš Leonardis; Elisa Ricci; Stefan Roth; Olga Russakovsky; Torsten Sattler; Gül Varol,,10.1007/978-3-031-73039-9_10,2405.02771,https://www.ecva.net/papers/eccv_2024/papers_ECCV/html/7588_ECCV_2024_paper.php,Q6URUXQY,zotero:Q6URUXQY,"O,M,A",Broader multisensor/ancillary,yes,Explicit time series,yes,10.0,10.0,10.0,3.7,Indirect/prospective,Primary paper/model documentation; survey cross-check,,2024-05-04,2024,5,arXiv v1 (2405.02771),day,Primary PDF states all modalities are aligned to the Sentinel-2 10 m grid and reports 3.7M MP-MAE parameters.,
M030,SpectralEarth,SpectralEarth,2024,2025,Peer-reviewed,SpectralEarth: Training Hyperspectral Foundation Models at Scale,Nassim Ait Ali Braham; Conrad M. Albrecht; Julien Mairal; Jocelyn Chanussot; Yi Wang; Xiao Xiang Zhu,IEEE Journal of Selected Topics in Applied Earth Observations and Remote Sensing,10.1109/JSTARS.2025.3581451,2408.08447,https://ieeexplore.ieee.org/document/11045062,T53I8Y2Z,zotero:T53I8Y2Z,O,Optical only,no,Single/snapshot,no,30.0,30.0,30.0,,Indirect/prospective,Primary paper/model documentation; survey cross-check,,2024-08-15,2024,8,Earliest indexed candidate record,day,Retained v2 primary-paper coding; no v5 metric change.,
M020,CrossEarth,CrossEarth,2024,2025,Peer-reviewed,CrossEarth: Geospatial Vision Foundation Model for Domain Generalizable Remote Sensing Semantic Segmentation,Ziyang Gong; Zhixiang Wei; Di Wang; Xiaoxing Hu; Xianzheng Ma; Hongruixuan Chen; Yuru Jia; Yupeng Deng; Zhenming Ji; Xiangwei Zhu; Xue Yang; Naoto Yokoya; Jing Zhang; Bo Du; Junchi Yan; Liangpei Zhang,IEEE Transactions on Pattern Analysis and Machine Intelligence,10.1109/TPAMI.2025.3649001,2410.22629,https://ieeexplore.ieee.org/document/11316817,6BQGYFBJ,zotero:6BQGYFBJ,O,Optical only,no,Single/snapshot,no,0.5,153.0,8.74642784226795,86.0,Indirect/prospective,Primary paper/model documentation; survey cross-check,,2024-10-30,2024,10,Earliest indexed candidate record,day,Primary PDF uses MillionAID for continual pretraining; the source dataset reports 0.5-153 m imagery.,
M019,Clay v1.5,Clay,2024,2024,Model card/product,Clay Foundation Model v1.5,Clay Foundation,,,,https://clay-foundation.github.io/model/,CCJEEPDD,zotero:CCJEEPDD,"O,M,A",Broader multisensor/ancillary,yes,Paired/short sequence,yes,0.5,500.0,15.811388300841896,311.0,Indirect/prospective,Primary paper/model documentation; survey cross-check,,2024-11-19,2024,11,Clay v1.5 release documentation,day,Retained v2 primary-paper coding; no v5 metric change.,
M026,Prithvi-EO-2.0,Prithvi-EO,2024,2025,Peer-reviewed,Prithvi-EO-2.0: A Versatile Multitemporal Foundation Model for Earth Observation Applications,Daniela Szwarcman; Sujit Roy; Paolo Fraccaro; Þorsteinn Elí Gíslason; Benedikt Blumenstiel; Rinki Ghosal; Pedro Henrique de Oliveira; Joao Lucas de Sousa Almeida; Rocco Sedona; Yanghui Kang; Srija Chakraborty; Sizhe Wang; Carlos Gomes; Ankur Kumar; Vishal Gaur; Myscon Truong; Denys Godwin; Sam Khallaghi; Hyunho Lee; Chia-Yu Hsu; Ata Akbari Asanjan; Besart Mujeci; Disha Shidham; Rufai Omowunmi Balogun; Venkatesh Kolluru; Trevor Keenan; Paulo Arevalo; Wenwen Li; Hamed Alemohammad; Pontus Olofsson; Timothy Mayer; Christopher Hain; Robert Kennedy; Bianca Zadrozny; David Bell; Gabriele Cavallaro; Campbell Watson; Manil Maskey; Rahul Ramachandran; Juan Bernabe Moreno,IEEE Transactions on Geoscience and Remote Sensing,10.1109/TGRS.2025.3642610,2412.02732,https://ieeexplore.ieee.org/abstract/document/11296896,HNU8RLY2,zotero:HNU8RLY2,"O,A",Broader multisensor/ancillary,yes,Paired/short sequence,yes,30.0,30.0,30.0,600.0,Indirect/prospective,Primary paper/model documentation; survey cross-check,,2024-12-03,2024,12,Earliest indexed candidate record,day,Retained v2 primary-paper coding; no v5 metric change.,
M018,AnySat,AnySat,2024,2025,Peer-reviewed,"AnySat: One Earth Observation Model for Many Resolutions, Scales, and Modalities",Guillaume Astruc; Nicolas Gonthier; Clément Mallet; Loic Landrieu,,,2412.14123,https://openaccess.thecvf.com/content/CVPR2025/html/Astruc_AnySat_One_Earth_Observation_Model_for_Many_Resolutions_Scales_and_CVPR_2025_paper.html,IKBD6AJP,zotero:IKBD6AJP,"O,M",Optical + microwave/SAR,yes,Explicit time series,yes,0.2,250.0,7.0710678118654755,127.0,Indirect/prospective,Primary paper/model documentation; survey cross-check,,2024-12-18,2024,12,arXiv v1 (2412.14123),day,Retained v2 primary-paper coding; no v5 metric change.,
M029,SeaMo,SeaMo,2024,2025,Peer-reviewed,SeaMo: A season-aware multimodal foundation model for remote sensing,Xuyang Li; Chenyu Li; Gemine Vivone; Danfeng Hong,Information Fusion,10.1016/j.inffus.2025.103334,2412.19237,https://www.sciencedirect.com/science/article/pii/S1566253525004075,ANWTYPZG,zotero:ANWTYPZG,"O,M",Optical + microwave/SAR,yes,Explicit time series,yes,10.0,10.0,10.0,86.0,Indirect/prospective,Primary paper/model documentation; survey cross-check,,2024-12-26,2024,12,Earliest indexed candidate record,day,Retained v2 primary-paper coding; no v5 metric change.,
M022,Galileo,Galileo,2024,2025,Peer-reviewed,Galileo: Learning Global & Local Features of Many Remote Sensing Modalities,Gabriel Tseng; Anthony Fuller; Marlena Reil; Henry Herzog; Patrick Beukema; Favyen Bastani; James R. Green; Evan Shelhamer; Hannah Kerner; David Rolnick,,,2502.09356,https://proceedings.mlr.press/v267/tseng25a.html,QUZXJLFK,zotero:QUZXJLFK,"O,M,A",Broader multisensor/ancillary,yes,Explicit time series,yes,10.0,10.0,10.0,85.0,Indirect/prospective,Primary paper/model documentation; survey cross-check,,2025-02-13,2025,2,arXiv v1 (2502.09356),day,Primary PDF states all Sentinel-1/2 inputs are aligned at 10 m and reports the 85M Base variant.,
M040,Panopticon,Panopticon,2025,2025,Peer-reviewed,Panopticon: Advancing Any-Sensor Foundation Models for Earth Observation,Leonard Waldmann; Ando Shah; Yi Wang; Nils Lehmann; Adam J. Stewart; Zhitong Xiong; Xiao Xiang Zhu; Stefan Bauer; John Chuang,2025 IEEE/CVF Conference on Computer Vision and Pattern Recognition Workshops (CVPRW),10.1109/CVPRW67362.2025.00207,2503.10845,https://ieeexplore.ieee.org/document/11147876,5V8XWK8M,zotero:5V8XWK8M,"O,T,M",Broader multisensor/ancillary,yes,Single/snapshot,no,0.3,100.0,5.477225575051661,98.1,Indirect/prospective,Primary paper/model documentation; survey cross-check,,2025-03-13,2025,3,Earliest indexed candidate record,day,"Primary PDF pretraining table reports fMoW, MMEarth, SatlasPretrain and SpectralEarth spanning 0.3-100 m; model size is 98.1M.",
M043,RoMA,RoMA,2025,2025,Preprint/technical report,RoMA: Scaling up Mamba-based Foundation Models for Remote Sensing,Fengxiang Wang; Yulin Wang; Mingshuo Chen; Haiyan Zhao; Yangang Sun; Shuo Wang; Hongzhen Wang; Di Wang; Long Lan; Wenjing Yang; Jing Zhang,arXiv,10.48550/arXiv.2503.10392,2503.10392,http://arxiv.org/abs/2503.10392,R2HZGVVQ,zotero:R2HZGVVQ,O,Optical only,no,Single/snapshot,no,,,,297.0,Indirect/prospective,Primary paper/model documentation; survey cross-check,,2025-03-13,2025,3,Earliest indexed candidate record,day,Primary PDF reports a 297M Mamba-L variant; OpticalRS-4M does not provide a complete numeric pretraining GSD distribution.,
M036,Copernicus-FM,Copernicus-FM,2025,2025,Peer-reviewed,Towards a Unified Copernicus Foundation Model for Earth Vision,Yi Wang; Zhitong Xiong; Chenying Liu; Adam J. Stewart; Thomas Dujardin; Nikolaos Ioannis Bountos; Angelos Zavras; Franziska Gerken; Ioannis Papoutsis; Laura Leal-Taixé; Xiao Xiang Zhu,IEEE International Conference on Computer Vision,10.1109/iccv51701.2025.00922,2503.11849,https://openaccess.thecvf.com/content/ICCV2025/html/Wang_Towards_a_Unified_Copernicus_Foundation_Model_for_Earth_Vision_ICCV_2025_paper.html,8GHVT52A,zotero:8GHVT52A,"O,T,M,A",Broader multisensor/ancillary,yes,Paired/short sequence,yes,10.0,1000.0,100.0,,Indirect/prospective,Primary paper/model documentation; survey cross-check,,2025-03-14,2025,3,Earliest indexed candidate record,day,Retained v2 primary-paper coding; no v5 metric change.,
M037,FlexiMo,FlexiMo,2025,2026,Peer-reviewed,FlexiMo: A Flexible Remote Sensing Foundation Model,Xuyang Li; Chenyu Li; Pedram Ghamisi; Danfeng Hong; Jón Atli Benediktsson; Jocelyn Chanussot,IEEE Transactions on Geoscience and Remote Sensing,10.1109/TGRS.2026.3656362,2503.23844,https://ieeexplore.ieee.org/document/11359569,NBLMK9QF,zotero:NBLMK9QF,"O,M",Optical + microwave/SAR,yes,Single/snapshot,no,,,,,Indirect/prospective,Primary paper/model documentation; survey cross-check,,2025-03-31,2025,3,Earliest indexed candidate record,day,Retained v2 primary-paper coding; no v5 metric change.,
M042,RingMoE,RingMo,2025,2025,Peer-reviewed,RingMoE: Mixture-of-Modality-Experts Multi-Modal Foundation Models for Universal Remote Sensing Image Interpretation,Hanbo Bi; Yingchao Feng; Boyuan Tong; Mengyu Wang; Haichen Yu; Yongqiang Mao; Hao Chang; Wenhui Diao; Peijin Wang; Yue Yu; Hanyang Peng; Yehong Zhang; Kun Fu; Xian Sun,IEEE Transactions on Pattern Analysis and Machine Intelligence,10.1109/TPAMI.2025.3643453,2504.03166,https://ieeexplore.ieee.org/document/11298536,ZBAI3TXN,zotero:ZBAI3TXN,"O,M",Optical + microwave/SAR,yes,Single/snapshot,no,,,,14700.0,Indirect/prospective,Primary paper/model documentation; survey cross-check,,2025-04-04,2025,4,Earliest indexed candidate record,day,Primary PDF reports 14.7B total parameters; numeric pretraining GSD is not disclosed for proprietary portions of RingMOSS.,
M049,TerraMind,TerraMind,2025,2025,Peer-reviewed,TerraMind: Large-Scale Generative Multimodality for Earth Observation,Johannes Jakubik; Felix Yang; Benedikt Blumenstiel; Erik Scheurer; Rocco Sedona; Stefano Maurogiovanni; Jente Bosmans; Nikolaos Dionelis; Valerio Marsocci; Niklas Kopp; Rahul Ramachandran; Paolo Fraccaro; Thomas Brunschwiler; Gabriele Cavallaro; Juan Bernabe-Moreno; Nicolas Longépé,arXiv,10.1109/ICCV51701.2025.00693,2504.11171,https://openaccess.thecvf.com/content/ICCV2025/html/Jakubik_TerraMind_Large-Scale_Generative_Multimodality_for_Earth_Observation_ICCV_2025_paper.html,7GGED3IW,zotero:7GGED3IW,"O,M,A",Broader multisensor/ancillary,yes,Paired/short sequence,yes,10.0,10.0,10.0,,Indirect/prospective,Primary paper/model documentation; survey cross-check,,2025-04-15,2025,4,Earliest indexed candidate record,day,Retained v2 primary-paper coding; no v5 metric change.,
M035,ComplexSAR-FM,ComplexSAR-FM,2025,2026,Peer-reviewed,A Complex-Valued SAR Foundation Model Based on Physically Inspired Representation Learning,Mengyu Wang; Hanbo Bi; Yingchao Feng; Linlin Xin; Shuo Gong; Tianqi Wang; Zhiyuan Yan; Peijin Wang; Wenhui Diao; Xian Sun,IEEE Transactions on Image Processing,10.1109/TIP.2026.3652417,2504.11999,https://ieeexplore.ieee.org/document/11353389,8SLCVKXA,zotero:8SLCVKXA,M,Other/single non-optical,no,Single/snapshot,no,,,,,Indirect/prospective,Primary paper/model documentation; survey cross-check,,2025-04-16,2025,4,Earliest indexed candidate record,day,Retained v2 primary-paper coding; no v5 metric change.,
M041,PyViT-FUSE,PyViT-FUSE,2025,2025,Preprint/technical report,PyViT-FUSE: A Foundation Model for Multi-Sensor Earth Observation Data,Manuel Weber; Carly Beneke,arXiv.org,10.48550/arXiv.2504.18770,2504.18770,http://arxiv.org/abs/2504.18770,A7ARF294,zotero:A7ARF294,"O,M",Optical + microwave/SAR,yes,Paired/short sequence,yes,1.5,30.0,6.708203932499369,103.0,Indirect/prospective,Primary paper/model documentation; survey cross-check,,2025-04-26,2025,4,Earliest indexed candidate record,day,"Primary PDF reports Airbus SPOT, Sentinel-1/2 and Landsat-8 inputs at 1.5-30 m and approximately 103M parameters.",
M051,TiMo,TiMo,2025,2025,Preprint/technical report,TiMo: Spatiotemporal Foundation Model for Satellite Image Time Series,Xiaolei Qin; Di Wang; Jing Zhang; Fengxiang Wang; Xin Su; Bo Du; Liangpei Zhang,CoRR,10.48550/arXiv.2505.08723,2505.08723,http://arxiv.org/abs/2505.08723,UHZ6MHXC,zotero:UHZ6MHXC,O,Optical only,no,Explicit time series,yes,10.0,10.0,10.0,675.0,Indirect/prospective,Primary paper/model documentation; survey cross-check,,2025-05-13,2025,5,arXiv v1 submission history (2505.08723),day,Retained v2 primary-paper coding; no v5 metric change.,
M031,AgriFM,AgriFM,2025,2026,Peer-reviewed,AgriFM: A multi-source temporal remote sensing foundation model for Agriculture mapping,Wenyuan Li; Shunlin Liang; Keyan Chen; Yongzhe Chen; Han Ma; Jianglei Xu; Yichuan Ma; Yuxiang Zhang; Shikang Guan; Husheng Fang; Zhenwei Shi,Remote Sensing of Environment,10.1016/j.rse.2026.115234,2505.21357,https://www.sciencedirect.com/science/article/pii/S0034425726000040,H2AY2F4X,zotero:H2AY2F4X,O,Optical only,no,Explicit time series,yes,10.0,500.0,70.71067811865476,,Indirect/prospective,Primary paper/model documentation; survey cross-check,,2025-05-27,2025,5,Earliest indexed candidate record,day,Retained v2 primary-paper coding; no v5 metric change.,
M048,TerraFM,TerraFM,2025,2025,Preprint/technical report,TerraFM: A Scalable Foundation Model for Unified Multisensor Earth Observation,Muhammad Sohail Danish; Muhammad Akhtar Munir; Syed Roshaan Ali Shah; Muhammad Haris Khan; Rao Muhammad Anwer; Jorma Laaksonen; Fahad Shahbaz Khan; Salman Khan,arXiv (Cornell University),10.48550/arXiv.2506.06281,2506.06281,http://arxiv.org/abs/2506.06281,3N3RCUCP,zotero:3N3RCUCP,"O,M",Optical + microwave/SAR,yes,Explicit time series,yes,10.0,10.0,10.0,300.0,Indirect/prospective,Primary paper/model documentation; survey cross-check,,2025-06-06,2025,6,Earliest indexed candidate record,day,Primary PDF uses co-registered Major-TOM Sentinel-1/2 tiles at 10 m and reports the largest TerraFM configuration at 300M.,
M050,TESSERA,TESSERA,2025,2025,Preprint/technical report,TESSERA: Temporal Embeddings of Surface Spectra for Earth Representation and Analysis,Zhengpeng Feng; Clement Atzberger; Sadiq Jaffer; Jovana Knezevic; Silja Sormunen; Robin Young; Madeline C. Lisaius; Markus Immitzer; Toby Jackson; James Ball; David A. Coomes; Anil Madhavapeddy; Andrew Blake; Srinivasan Keshav,arXiv (Cornell University),10.48550/arXiv.2506.20380,2506.20380,http://arxiv.org/abs/2506.20380,6A6MN744,zotero:6A6MN744,O,Optical only,no,Annual embedding/product,yes,10.0,10.0,10.0,,Indirect/prospective,Primary paper/model documentation; survey cross-check,,2025-06-25,2025,6,Earliest indexed candidate record,day,Retained v2 primary-paper coding; no v5 metric change.,
M034,CGEarthEye,CGEarthEye,2025,2025,Preprint/technical report,CGEarthEye:A High-Resolution Remote Sensing Vision Foundation Model Based on the Jilin-1 Satellite Constellation,Zhiwei Yi; Xin Cheng; Jingyu Ma; Ruifei Zhu; Junwei Tian; Yuanxiu Zhou; Xinge Zhao; Hongzhe Li,arXiv.org,10.48550/arXiv.2507.00356,2507.00356,http://arxiv.org/abs/2507.00356,YRKU8PLE,zotero:YRKU8PLE,O,Optical only,no,Paired/short sequence,yes,0.75,0.75,0.75,1100.0,Indirect/prospective,Primary paper/model documentation; survey cross-check,The paper describes sub-metre imagery and five backbones totalling 2.1B parameters; neither is encoded as one false-precision GSD or encoder size.,2025-06-30,2025,6,Earliest indexed candidate record,day,Primary PDF reports 0.75 m JLSSD imagery and variants from 22M to 1.1B parameters.,
M046,SkySense V2,SkySense,2025,2025,Peer-reviewed,SkySense V2: A Unified Foundation Model for Multi-Modal Remote Sensing,Yingying Zhang; Lixiang Ru; Kang Wu; Lei Yu; Lei Liang; Yansheng Li; Jingdong Chen,IEEE International Conference on Computer Vision,10.1109/ICCV51701.2025.00854,2507.13812,https://ieeexplore.ieee.org/document/11445811,MFICPWPA,zotero:MFICPWPA,"O,M",Optical + microwave/SAR,yes,Explicit time series,yes,0.3,10.0,1.7320508075688772,665.0,Indirect/prospective,Primary paper/model documentation; survey cross-check,,2025-07-18,2025,7,Earliest indexed candidate record,day,Primary PDF reuses SkySense WorldView and Sentinel-1/2 data and reports 665M parameters.,
M032,AlphaEarth Foundations,AlphaEarth,2025,2025,Preprint/technical report,AlphaEarth Foundations: An embedding field model for accurate and efficient global mapping from sparse label data,Christopher F. Brown; Michal R. Kazmierski; Valerie J. Pasquarella; William J. Rucklidge; Masha Samsikova; Chenhui Zhang; Evan Shelhamer; Estefania Lahera; Olivia Wiles; Simon Ilyushchenko; Noel Gorelick; Lihui Lydia Zhang; Sophia Alj; Emily Schechter; Sean Askay; Oliver Guinan; Rebecca Moore; Alexis Boukouvalas; Pushmeet Kohli,,10.48550/arXiv.2507.22291,2507.22291,http://arxiv.org/abs/2507.22291,FFCTSX4E,zotero:FFCTSX4E,"O,M,A",Broader multisensor/ancillary,yes,Annual embedding/product,yes,10.0,10.0,10.0,480.0,Direct product/proxy,Primary paper/model documentation; survey cross-check,,2025-07-29,2025,7,arXiv v1 submission history (2507.22291),day,Retained v2 primary-paper coding; no v5 metric change.,
M045,SkySense++,SkySense,2025,2025,Peer-reviewed,A semantic-enhanced multi-modal remote sensing foundation model for Earth observation,Kang Wu; Yingying Zhang; Lixiang Ru; Bo Dang; Jiangwei Lao; Lei Yu; Junwei Luo; Zifan Zhu; Yue Sun; Jiahao Zhang; Qi Zhu; Jian Wang; Ming Yang; Jingdong Chen; Yongjun Zhang; Yansheng Li,Nature Machine Intelligence,10.1038/s42256-025-01078-8,,https://www.nature.com/articles/s42256-025-01078-8,SJHBL7JD,zotero:SJHBL7JD,"O,M",Optical + microwave/SAR,yes,Explicit time series,yes,0.05,10.0,0.7071067811865476,2060.0,Indirect/prospective,Primary paper/model documentation; survey cross-check,The cited article reports heterogeneous high- and medium-resolution inputs; a single pre-training GSD range was not assigned.,2025-08-04,2025,8,Nature Machine Intelligence online publication date,day,Primary PDF Extended Data Table 2 reports 0.05-10 m for the labelled pretraining stage; the paper reports about 2B parameters.,
M047,StefaLand,StefaLand,2025,2025,Preprint/technical report,StefaLand: An Efficient Geoscience Foundation Model That Improves Dynamic Land-Surface Predictions,Nicholas Kraabel; Jiangtao Liu; Yuchen Bian; Daniel Kifer; Chaopeng Shen,arXiv,10.48550/arXiv.2509.17942,2509.17942,http://arxiv.org/abs/2509.17942,MHEWLR4P,zotero:MHEWLR4P,"O,A",Broader multisensor/ancillary,yes,Explicit time series,yes,,,,,Indirect/prospective,Primary paper/model documentation; survey cross-check,,2025-09-22,2025,9,Earliest indexed candidate record,day,Retained v2 primary-paper coding; no v5 metric change.,
M038,FUSAR-KLIP,FUSAR-KLIP,2025,2025,Preprint/technical report,FUSAR-KLIP: Towards Multimodal Foundation Models for Remote Sensing,Yi Yang; Xiaokun Zhang; Qingchen Fang; Jing Liu; Ziqi Ye; Rui Li; Li Liu; Haipeng Wang,arXiv,,2509.23927,https://arxiv.org/abs/2509.23927v4,I9Y6V42Q,zotero:I9Y6V42Q,M,Other/single non-optical,no,Paired/short sequence,yes,,,,,Indirect/prospective,Primary paper/model documentation; survey cross-check,,2025-09-28,2025,9,Earliest indexed candidate record,day,Primary PDF shows SAR imagery paired with language; language is not counted as a second EO observation pathway.,
M039,OlmoEarth,OlmoEarth,2025,2026,Peer-reviewed,OlmoEarth: Stable Latent Image Modeling for Multimodal Earth Observation,Henry Herzog; Favyen Bastani; Yawen Zhang; Gabriel Tseng; Joseph Redmon; Hadrien Sablon; Ryan Park; Jacob Morrison; Alexandra Buraczynski; Karen Farley; Josh Hansen; Andrew Howe; Patrick Alan Johnson; Mark Otterlee; Ted Schmitt; Hunter Pitelka; Stephen Daspit; Rachel Ratner; Christopher Wilhelm; Sebastian Wood; Mike Jacobi; Hannah Kerner; Evan Shelhamer; Ali Farhadi; Ranjay Krishna; Patrick Beukema,arXiv.org,10.48550/arxiv.2511.13655,2511.13655,https://openaccess.thecvf.com/content/CVPR2026/html/Herzog_OlmoEarth_Stable_Latent_Image_Modeling_for_Multimodal_Earth_Observation_CVPR_2026_paper.html,PGQLRLKZ,zotero:PGQLRLKZ,"O,M,A",Broader multisensor/ancillary,yes,Explicit time series,yes,10.0,10.0,10.0,300.0,Indirect/prospective,Primary paper/model documentation; survey cross-check,,2025-11-17,2025,11,Earliest indexed candidate record,day,Retained v2 primary-paper coding; no v5 metric change.,
M033,Any-Optical-Model,Any-Optical-Model,2025,2025,Preprint/technical report,Any-Optical-Model: A Universal Foundation Model for Optical Remote Sensing,Xuyang Li; Chenyu Li; Danfeng Hong,arXiv,,2512.17224,https://arxiv.org/abs/2512.17224v1,ZQXMJQIL,zotero:ZQXMJQIL,O,Optical only,no,Single/snapshot,no,0.1,100.0,3.1622776601683795,,Indirect/prospective,Primary paper/model documentation; survey cross-check,,2025-12-19,2025,12,Earliest indexed candidate record,day,"Primary PDF reports the combined pretraining sources as 0.1-30 m, 10-60 m, and 30-100 m.",
M059,THOR,THOR,2026,2026,Preprint/technical report,THOR: A Versatile Foundation Model for Earth Observation Climate and Society Applications,Theodor Forgaard; Jarle H. Reksten; Anders U. Waldeland; Valerio Marsocci; Nicolas Longépé; Michael Kampffmeyer; Arnt-Børre Salberg,arXiv.org,10.48550/arXiv.2601.16011,2601.16011,http://arxiv.org/abs/2601.16011,LP7SRPQG,zotero:LP7SRPQG,"O,M,A",Broader multisensor/ancillary,yes,Explicit time series,yes,10.0,1000.0,100.0,314.4,Indirect/prospective,Primary paper/model documentation; survey cross-check,,2026-01-22,2026,1,Earliest indexed candidate record,day,Primary PDF reports THOR Pretrain at 10-1000 m and the 314.4M Large variant.,
M056,SIGMAE,SIGMAE,2026,2026,Preprint/technical report,SIGMAE: A Spectral-Index-Guided Foundation Model for Multispectral Remote Sensing,Xiaokang Zhang; Bo Li; Chufeng Zhou; Weikang Yu; Lefei Zhang,arXiv,10.48550/arXiv.2603.07463,2603.07463,http://arxiv.org/abs/2603.07463,HNBMV2U2,zotero:HNBMV2U2,O,Optical only,no,Single/snapshot,no,10.0,60.0,24.49489742783178,,Indirect/prospective,Primary paper/model documentation; survey cross-check,,2026-03-08,2026,3,Earliest indexed candidate record,day,Retained v2 primary-paper coding; no v5 metric change.,
M052,CrossEarth-SAR,CrossEarth,2026,2026,Preprint/technical report,CrossEarth-SAR: A SAR-Centric and Billion-Scale Geospatial Foundation Model for Domain Generalizable Semantic Segmentation,Ziqi Ye; Ziyang Gong; Ning Liao; Xiaoxing Hu; Di Wang; Hongruixuan Chen; Chen Huang; Yiguo He; Yuru Jia; Xiaoxing Wang; Haipeng Wang; Xue Yang; Junchi Yan,arXiv (Cornell University),10.48550/arXiv.2603.12008,2603.12008,http://arxiv.org/abs/2603.12008,NRNKZUJQ,zotero:NRNKZUJQ,M,Other/single non-optical,no,Single/snapshot,no,,,,1000.0,Indirect/prospective,Primary paper/model documentation; survey cross-check,,2026-03-12,2026,3,Earliest indexed candidate record,day,Retained v2 primary-paper coding; no v5 metric change.,
M058,TerraFlow,TerraFlow,2026,2026,Preprint/technical report,"TerraFlow: Multimodal, Multitemporal Representation Learning for Earth Observation",Nazar Puriy; Johannes Jakubik; Benedikt Blumenstiel; Konrad Schindler,arXiv,10.48550/arXiv.2603.12762,2603.12762,http://arxiv.org/abs/2603.12762,E53MBXES,zotero:E53MBXES,"O,M",Optical + microwave/SAR,yes,Explicit time series,yes,10.0,10.0,10.0,,Indirect/prospective,Primary paper/model documentation; survey cross-check,,2026-03-13,2026,3,Earliest indexed candidate record,day,Retained v2 primary-paper coding; no v5 metric change.,
M054,HighFM,HighFM,2026,2026,Preprint/technical report,HighFM: Towards a Foundation Model for Learning Representations from High-Frequency Earth Observation Data,Stella Girtsou; Konstantinos Alexis; Giorgos Giannopoulos; Charalambos Kontoes,arXiv.org,10.48550/arXiv.2604.04306,2604.04306,http://arxiv.org/abs/2604.04306,9M2UQMIE,zotero:9M2UQMIE,"O,T",Broader multisensor/ancillary,yes,Paired/short sequence,yes,3000.0,3000.0,3000.0,90.0,Indirect/prospective,Primary paper/model documentation; survey cross-check,,2026-04-05,2026,4,Earliest indexed candidate record,day,Retained v2 primary-paper coding; no v5 metric change.,
M055,HySens,HySens,2026,2026,Peer-reviewed,HySens: Sensor-Agnostic Foundation Models for Hyperspectral Data,Xiangyu Zhao; Zhitong Xiong; Xiao Xiang Zhu,IEEE Transactions on Geoscience and Remote Sensing,10.1109/TGRS.2026.3691782,,https://ieeexplore.ieee.org/document/11514078,HSNQS4X8,zotero:HSNQS4X8,O,Optical only,no,Single/snapshot,no,30.0,30.0,30.0,,Direct independent measurement,Primary paper/model documentation; survey cross-check,,2026-05-11,2026,5,Crossref DOI creation date,day,Retained v2 primary-paper coding; no v5 metric change.,
M057,SpectralEarth-FM,SpectralEarth,2026,2026,Preprint/technical report,SpectralEarth-FM: Bringing Hyperspectral Imagery into Multimodal Earth Observation Pretraining,Nassim Ait Ali Braham; Aaron Banze; Conrad M. Albrecht; Julien Mairal; Jocelyn Chanussot; Xiao Xiang Zhu,arXiv,10.48550/arXiv.2605.21075,2605.21075,http://arxiv.org/abs/2605.21075,9KJZCYXR,zotero:9KJZCYXR,"O,T,M",Broader multisensor/ancillary,yes,Paired/short sequence,yes,10.0,100.0,31.622776601683793,,Indirect/prospective,Primary paper/model documentation; survey cross-check,,2026-05-20,2026,5,Earliest indexed candidate record,day,Retained v2 primary-paper coding; no v5 metric change.,
M053,FLORO,FLORO,2026,2026,Preprint/technical report,FLORO: A Multimodal Geospatial Foundation Model for Ecological Remote Sensing Across Sensors and Scales,Jorge L. Rodriguez; Victor Angulo Morales; Areej Alwahas; Mariana Elias Lara; Fida Mohammad Thoker; Kasper Johansen; Bernard Ghanem; Fernando T. Maestre; Matthew F. McCabe,arXiv (Cornell University),10.48550/arXiv.2605.28174,2605.28174,http://arxiv.org/abs/2605.28174,UV4WGSMF,zotero:UV4WGSMF,"O,M,A",Broader multisensor/ancillary,yes,Explicit time series,yes,,,,,Indirect/prospective,Primary paper/model documentation; survey cross-check,,2026-05-27,2026,5,Earliest indexed candidate record,day,Retained v2 primary-paper coding; no v5 metric change.,
M061,Mini-JEPAs,Mini-JEPA,2026,2026,Peer-reviewed,Sensor-specialized JEPA foundation models complement planetary-scale embeddings for agentic hydrologic reasoning,Mashrekur Rahman,Remote Sensing Applications: Society and Environment,10.1016/j.rsase.2026.102136,,https://www.sciencedirect.com/science/article/pii/S2352938526002697,HQXRBLTN,zotero:HQXRBLTN,"O,T,M,A",Broader multisensor/ancillary,yes,Explicit time series,yes,30.0,30.0,30.0,22.0,Direct product/proxy,Primary paper/model documentation,The publication releases a fleet of five separate 22M specialist backbones; the marker represents one common architecture/fleet release.,2026-07-01,2026,7,Journal available-online date in the PDF,day,Primary PDF reports all products resampled to 30 m and a 22M ViT-S backbone for each specialist.,Sensor-specialized JEPA foundation models complement planetary-scale embeddings for agentic hydrologic reasoning
M060,TESSERA v2,TESSERA,2026,2026,Preprint/technical report,TESSERA v2: Scaling Pixel-wise Earth Foundation Models,Zhengpeng Feng; Sadiq Jaffer; Ira Shokar; Jovana Knezevic; Mark Elvers; Clement Atzberger; Robin Young; Aneesh Naik; Niall Robinson; Andrew Blake; David Coomes; Anil Madhavapeddy; Srinivasan Keshav,,10.48550/arXiv.2607.03949,2607.03949,http://arxiv.org/abs/2607.03949,M3JGCHXC,zotero:M3JGCHXC,"O,M",Optical + microwave/SAR,yes,Annual embedding/product,yes,10.0,10.0,10.0,1000.0,Indirect/prospective,Primary paper/model documentation,Largest completed teacher is 1B; the 2B variant was still in training at the cutoff.,2026-07-04,2026,7,arXiv v1 submission history (2607.03949),day,Primary PDF reports a 10 m Sentinel-1/2 d-pixel formulation and a completed 1B teacher.,TESSERA v2: Scaling Pixel-wise Earth Foundation Models
